legacy_id,old_url,new_url,old_key,generated_url
1127,http://infoscience-legacy.epfl.ch/curator/export/1127/?rg=1000,https://idevelopsrv25.epfl.ch:443/publication-exports/2505/?ln=en,{'search_basket_id': '3265'},https://infoscience.epfl.ch/yourbaskets/display_public?p=&bskid=3265&of=xm
1256,http://infoscience-legacy.epfl.ch/curator/publications/exporter/1256/?rg=1000,https://idevelopsrv25.epfl.ch:443/publication-exports/2625/?ln=fr,{'search_basket_id': '3178'},https://infoscience.epfl.ch/yourbaskets/display_public?p=&bskid=3178&of=xm
1266,http://infoscience-legacy.epfl.ch/curator/publications/exporter/1266/?rg=1000,https://idevelopsrv25.epfl.ch:443/publication-exports/2627/?ln=en,{'search_basket_id': '3564'},https://infoscience.epfl.ch/yourbaskets/display_public?p=&bskid=3564&of=xm
10120,http://infoscience-legacy.epfl.ch/curator/export/10120/?ln=en,https://idevelopsrv25.epfl.ch:443/publication-exports/2752/?ln=en,{'search_basket_id': '689'},https://infoscience.epfl.ch/yourbaskets/display_public?p=&so=d&rg=100&bskid=689&of=xm
7507,https://infoscience-legacy.epfl.ch/curator/export/7507/?ln=en&rg=1000,https://idevelopsrv25.epfl.ch:443/publication-exports/2779/?ln=en,{'search_basket_id': '4022'},https://infoscience.epfl.ch/yourbaskets/display_public?p=&bskid=4022&of=xm
3158,http://infoscience-legacy.epfl.ch/curator/publications/exporter/3158/?rg=1000,https://idevelopsrv25.epfl.ch:443/publication-exports/2787/?ln=en,{'search_basket_id': '3715'},https://infoscience.epfl.ch/yourbaskets/display_public?p=&bskid=3715&of=xm
11623,https://infoscience-legacy.epfl.ch/curator/export/11623/?ln=en,https://idevelopsrv25.epfl.ch:443/publication-exports/2811/?ln=en,{'search_basket_id': '3755'},https://infoscience.epfl.ch/yourbaskets/display_public?p=&so=d&rg=100&bskid=3755&of=xm
3363,http://infoscience-legacy.epfl.ch/curator/publications/exporter/3363/?rg=1000,https://idevelopsrv25.epfl.ch:443/publication-exports/2810/?ln=en,{'search_basket_id': '3754'},https://infoscience.epfl.ch/yourbaskets/display_public?p=&bskid=3754&of=xm
4030,http://infoscience-legacy.epfl.ch/curator/export/4030/?ln=en&rg=1000,https://idevelopsrv25.epfl.ch:443/publication-exports/2833/?ln=en,{'search_basket_id': '3819'},https://infoscience.epfl.ch/yourbaskets/display_public?p=&bskid=3819&of=xm
4049,http://infoscience-legacy.epfl.ch/curator/export/4049/?ln=en&rg=1000,https://idevelopsrv25.epfl.ch:443/publication-exports/2835/?ln=en,{'search_basket_id': '3817'},https://infoscience.epfl.ch/yourbaskets/display_public?p=&bskid=3817&of=xm
4048,http://infoscience-legacy.epfl.ch/curator/export/4048?ln=en&rg=1000,https://idevelopsrv25.epfl.ch:443/publication-exports/2836/?ln=en,{'search_basket_id': '3822'},https://infoscience.epfl.ch/yourbaskets/display_public?p=&bskid=3822&of=xm
4043,https://infoscience-legacy.epfl.ch/curator/export/4043?ln=en&rg=1000,https://idevelopsrv25.epfl.ch:443/publication-exports/2837/?ln=en,{'search_basket_id': '3816'},https://infoscience.epfl.ch/yourbaskets/display_public?p=&bskid=3816&of=xm
4046,http://infoscience-legacy.epfl.ch/curator/export/4046?ln=en&rg=1000,https://idevelopsrv25.epfl.ch:443/publication-exports/2838/?ln=en,{'search_basket_id': '3815'},https://infoscience.epfl.ch/yourbaskets/display_public?p=&bskid=3815&of=xm
4045,http://infoscience-legacy.epfl.ch/curator/export/4045?ln=en&rg=1000,https://idevelopsrv25.epfl.ch:443/publication-exports/2839/?ln=en,{'search_basket_id': '3820'},https://infoscience.epfl.ch/yourbaskets/display_public?p=&bskid=3820&of=xm
4027,http://infoscience-legacy.epfl.ch/curator/export/4027/?ln=en&rg=1000,https://idevelopsrv25.epfl.ch:443/publication-exports/2832/?ln=en,{'search_basket_id': '3818'},https://infoscience.epfl.ch/yourbaskets/display_public?p=&bskid=3818&of=xm
6393,http://infoscience-legacy.epfl.ch/curator/export/6393/?ln=en&rg=1000,https://idevelopsrv25.epfl.ch:443/publication-exports/2863/?ln=en,{'search_basket_id': '3915'},https://infoscience.epfl.ch/yourbaskets/display_public?p=&bskid=3915&of=xm
8729,http://infoscience-legacy.epfl.ch/curator/export/8729/?ln=en,https://idevelopsrv25.epfl.ch:443/publication-exports/2983/?ln=en,{'search_basket_id': '4120'},https://infoscience.epfl.ch/yourbaskets/display_public?p=&so=d&rg=100&bskid=4120&of=xm
6380,http://infoscience-legacy.epfl.ch/curator/export/6380/?ln=en&rg=1000,https://idevelopsrv25.epfl.ch:443/publication-exports/2862/?ln=fr,{'search_basket_id': '3914'},https://infoscience.epfl.ch/yourbaskets/display_public?p=&bskid=3914&of=xm
10408,http://infoscience-legacy.epfl.ch/curator/export/10408/?ln=en,https://idevelopsrv25.epfl.ch:443/publication-exports/2872/?ln=en,{'search_basket_id': '3955'},https://infoscience.epfl.ch/yourbaskets/display_public?p=&so=d&rg=100&bskid=3955&of=xm
10889,http://infoscience-legacy.epfl.ch/curator/export/10889/?ln=en,https://idevelopsrv25.epfl.ch:443/publication-exports/2877/?ln=fr,{'search_basket_id': '4420'},https://infoscience.epfl.ch/yourbaskets/display_public?p=&so=d&rg=100&bskid=4420&of=xm
6858,http://infoscience-legacy.epfl.ch/curator/export/6858/?ln=en&rg=1000,https://idevelopsrv25.epfl.ch:443/publication-exports/2878/?ln=en,{'search_basket_id': '3964'},https://infoscience.epfl.ch/yourbaskets/display_public?p=&bskid=3964&of=xm
12246,http://infoscience-legacy.epfl.ch/curator/export/12246/?ln=en,https://idevelopsrv25.epfl.ch:443/publication-exports/2867/?ln=fr,{'search_basket_id': '4536'},https://infoscience.epfl.ch/yourbaskets/display_public?p=&so=d&rg=100&bskid=4536&of=xm
6954,http://infoscience-legacy.epfl.ch/curator/export/6954?rg=1000,https://idevelopsrv25.epfl.ch:443/publication-exports/2895/?ln=en,{'search_basket_id': '3950'},https://infoscience.epfl.ch/yourbaskets/display_public?p=&bskid=3950&of=xm
6798,http://infoscience-legacy.epfl.ch/curator/export/6798?rg=1000,https://idevelopsrv25.epfl.ch:443/publication-exports/2896/?ln=en,{'search_basket_id': '3951'},https://infoscience.epfl.ch/yourbaskets/display_public?p=&bskid=3951&of=xm
6800,http://infoscience-legacy.epfl.ch/curator/export/6800?rg=1000,https://idevelopsrv25.epfl.ch:443/publication-exports/2897/?ln=en,{'search_basket_id': '3952'},https://infoscience.epfl.ch/yourbaskets/display_public?p=&bskid=3952&of=xm
6799,http://infoscience-legacy.epfl.ch/curator/export/6799?rg=1000,https://idevelopsrv25.epfl.ch:443/publication-exports/2898/?ln=en,{'search_basket_id': '3953'},https://infoscience.epfl.ch/yourbaskets/display_public?p=&bskid=3953&of=xm
6789,http://infoscience-legacy.epfl.ch/curator/export/6789?rg=1000,https://idevelopsrv25.epfl.ch:443/publication-exports/2899/?ln=en,{'search_basket_id': '3948'},https://infoscience.epfl.ch/yourbaskets/display_public?p=&bskid=3948&of=xm
6790,http://infoscience-legacy.epfl.ch/curator/export/6790?rg=1000,https://idevelopsrv25.epfl.ch:443/publication-exports/2900/?ln=en,{'search_basket_id': '3949'},https://infoscience.epfl.ch/yourbaskets/display_public?p=&bskid=3949&of=xm
6791,http://infoscience-legacy.epfl.ch/curator/export/6791?rg=1000,https://idevelopsrv25.epfl.ch:443/publication-exports/2901/?ln=en,{'search_basket_id': '3946'},https://infoscience.epfl.ch/yourbaskets/display_public?p=&bskid=3946&of=xm
6788,http://infoscience-legacy.epfl.ch/curator/export/6788?rg=1000,https://idevelopsrv25.epfl.ch:443/publication-exports/2902/?ln=en,{'search_basket_id': '3947'},https://infoscience.epfl.ch/yourbaskets/display_public?p=&bskid=3947&of=xm
6937,http://infoscience-legacy.epfl.ch/curator/export/6937/?ln=en&rg=1000,https://idevelopsrv25.epfl.ch:443/publication-exports/2890/?ln=en,{'search_basket_id': '3974'},https://infoscience.epfl.ch/yourbaskets/display_public?p=&bskid=3974&of=xm
7493,http://infoscience-legacy.epfl.ch/curator/export/7493/?ln=en&rg=1000,https://idevelopsrv25.epfl.ch:443/publication-exports/2916/?ln=en,{'search_basket_id': '4005'},https://infoscience.epfl.ch/yourbaskets/display_public?p=&bskid=4005&of=xm
7490,http://infoscience-legacy.epfl.ch/curator/export/7490/?ln=en&rg=1000,https://idevelopsrv25.epfl.ch:443/publication-exports/2917/?ln=en,{'search_basket_id': '4008'},https://infoscience.epfl.ch/yourbaskets/display_public?p=&bskid=4008&of=xm
7489,http://infoscience-legacy.epfl.ch/curator/export/7489/?ln=en&rg=1000,https://idevelopsrv25.epfl.ch:443/publication-exports/2918/?ln=en,{'search_basket_id': '4006'},https://infoscience.epfl.ch/yourbaskets/display_public?p=&bskid=4006&of=xm
7484,http://infoscience-legacy.epfl.ch/curator/export/7484/?ln=en&rg=1000,https://idevelopsrv25.epfl.ch:443/publication-exports/2919/?ln=en,{'search_basket_id': '4009'},https://infoscience.epfl.ch/yourbaskets/display_public?p=&bskid=4009&of=xm
7179,http://infoscience-legacy.epfl.ch/curator/export/7179/?ln=en&rg=1000,https://idevelopsrv25.epfl.ch:443/publication-exports/2908/?ln=en,{'search_basket_id': '3989'},https://infoscience.epfl.ch/yourbaskets/display_public?p=&bskid=3989&of=xm
8138,http://infoscience-legacy.epfl.ch/curator/export/8138/?ln=en,https://idevelopsrv25.epfl.ch:443/publication-exports/2938/?ln=en,{'search_basket_id': '4067'},https://infoscience.epfl.ch/yourbaskets/display_public?p=&so=d&rg=100&bskid=4067&of=xm
8072,http://infoscience-legacy.epfl.ch/curator/export/8072/?ln=en,https://idevelopsrv25.epfl.ch:443/publication-exports/2939/?ln=en,{'search_basket_id': '4057'},https://infoscience.epfl.ch/yourbaskets/display_public?p=&so=d&rg=100&bskid=4057&of=xm
7876,http://infoscience-legacy.epfl.ch/curator/export/7876/?ln=en,https://idevelopsrv25.epfl.ch:443/publication-exports/2928/?ln=en,{'search_basket_id': '4047'},https://infoscience.epfl.ch/yourbaskets/display_public?p=&so=d&rg=100&bskid=4047&of=xm
1270,http://infoscience-legacy.epfl.ch/curator/publications/exporter/1270/?rg=1000,https://idevelopsrv25.epfl.ch:443/publication-exports/2954/?ln=en,{'search_basket_id': '3569'},https://infoscience.epfl.ch/yourbaskets/display_public?p=&bskid=3569&of=xm
4767,http://infoscience-legacy.epfl.ch/curator/export/4767/?rg=1000,https://idevelopsrv25.epfl.ch:443/publication-exports/3236/?ln=fr,{'search_basket_id': '3374'},https://infoscience.epfl.ch/yourbaskets/display_public?p=&bskid=3374&of=xm
8081,http://infoscience-legacy.epfl.ch/curator/export/8081/?ln=en,https://idevelopsrv25.epfl.ch:443/publication-exports/2942/?ln=en,{'search_basket_id': '4061'},https://infoscience.epfl.ch/yourbaskets/display_public?p=&so=d&rg=100&bskid=4061&of=xm
8080,http://infoscience-legacy.epfl.ch/curator/export/8080/?ln=en,https://idevelopsrv25.epfl.ch:443/publication-exports/2943/?ln=en,{'search_basket_id': '4062'},https://infoscience.epfl.ch/yourbaskets/display_public?p=&so=d&rg=100&bskid=4062&of=xm
10428,http://infoscience-legacy.epfl.ch/curator/export/10428/?ln=en,https://idevelopsrv25.epfl.ch:443/publication-exports/2982/?ln=en,{'search_basket_id': '4206'},https://infoscience.epfl.ch/yourbaskets/display_public?p=&so=d&rg=100&bskid=4206&of=xm
9147,http://infoscience-legacy.epfl.ch/curator/export/9147/?ln=en,https://idevelopsrv25.epfl.ch:443/publication-exports/3010/?ln=en,{'search_basket_id': '4181'},https://infoscience.epfl.ch/yourbaskets/display_public?p=&so=d&rg=100&bskid=4181&of=xm
9152,http://infoscience-legacy.epfl.ch/curator/export/9152/?ln=en,https://idevelopsrv25.epfl.ch:443/publication-exports/3015/?ln=en,{'search_basket_id': '4182'},https://infoscience.epfl.ch/yourbaskets/display_public?p=&so=d&rg=100&bskid=4182&of=xm
9146,http://infoscience-legacy.epfl.ch/curator/export/9146/?ln=en,https://idevelopsrv25.epfl.ch:443/publication-exports/3009/?ln=en,{'search_basket_id': '4180'},https://infoscience.epfl.ch/yourbaskets/display_public?p=&so=d&rg=100&bskid=4180&of=xm
9563,http://infoscience-legacy.epfl.ch/curator/export/9563/?ln=en,https://idevelopsrv25.epfl.ch:443/publication-exports/3046/?ln=en,{'search_basket_id': '4232'},https://infoscience.epfl.ch/yourbaskets/display_public?p=&so=d&rg=100&bskid=4232&of=xm
9564,http://infoscience-legacy.epfl.ch/curator/export/9564/?ln=en,https://idevelopsrv25.epfl.ch:443/publication-exports/3047/?ln=en,{'search_basket_id': '4225'},https://infoscience.epfl.ch/yourbaskets/display_public?p=&so=d&rg=100&bskid=4225&of=xm
9565,http://infoscience-legacy.epfl.ch/curator/export/9565/?ln=en,https://idevelopsrv25.epfl.ch:443/publication-exports/3048/?ln=en,{'search_basket_id': '4231'},https://infoscience.epfl.ch/yourbaskets/display_public?p=&so=d&rg=100&bskid=4231&of=xm
9581,http://infoscience-legacy.epfl.ch/curator/export/9581/?ln=en,https://idevelopsrv25.epfl.ch:443/publication-exports/3049/?ln=en,{'search_basket_id': '4242'},https://infoscience.epfl.ch/yourbaskets/display_public?p=&so=d&rg=100&bskid=4242&of=xm
9566,http://infoscience-legacy.epfl.ch/curator/export/9566/?ln=en,https://idevelopsrv25.epfl.ch:443/publication-exports/3050/?ln=en,{'search_basket_id': '4235'},https://infoscience.epfl.ch/yourbaskets/display_public?p=&so=d&rg=100&bskid=4235&of=xm
9567,http://infoscience-legacy.epfl.ch/curator/export/9567/?ln=en,https://idevelopsrv25.epfl.ch:443/publication-exports/3051/?ln=en,{'search_basket_id': '4236'},https://infoscience.epfl.ch/yourbaskets/display_public?p=&so=d&rg=100&bskid=4236&of=xm
10204,http://infoscience-legacy.epfl.ch/curator/export/10204/?ln=en,https://idevelopsrv25.epfl.ch:443/publication-exports/3052/?ln=en,{'search_basket_id': '4290'},https://infoscience.epfl.ch/yourbaskets/display_public?p=&so=d&rg=100&bskid=4290&of=xm
9570,http://infoscience-legacy.epfl.ch/curator/export/9570/?ln=en,https://idevelopsrv25.epfl.ch:443/publication-exports/3053/?ln=en,{'search_basket_id': '4233'},https://infoscience.epfl.ch/yourbaskets/display_public?p=&so=d&rg=100&bskid=4233&of=xm
12209,https://infoscience-legacy.epfl.ch/curator/export/12209/?ln=en,https://idevelopsrv25.epfl.ch:443/publication-exports/3054/?ln=en,{'search_basket_id': '4229'},https://infoscience.epfl.ch/yourbaskets/display_public?p=&so=d&rg=100&bskid=4229&of=xm
12210,https://infoscience-legacy.epfl.ch/curator/export/12210/?ln=en,https://idevelopsrv25.epfl.ch:443/publication-exports/3055/?ln=en,{'search_basket_id': '4237'},https://infoscience.epfl.ch/yourbaskets/display_public?p=&so=d&rg=100&bskid=4237&of=xm
9573,http://infoscience-legacy.epfl.ch/curator/export/9573/?ln=en,https://idevelopsrv25.epfl.ch:443/publication-exports/3056/?ln=en,{'search_basket_id': '4243'},https://infoscience.epfl.ch/yourbaskets/display_public?p=&so=d&rg=100&bskid=4243&of=xm
9574,http://infoscience-legacy.epfl.ch/curator/export/9574/?ln=en,https://idevelopsrv25.epfl.ch:443/publication-exports/3057/?ln=en,{'search_basket_id': '4244'},https://infoscience.epfl.ch/yourbaskets/display_public?p=&so=d&rg=100&bskid=4244&of=xm
9575,http://infoscience-legacy.epfl.ch/curator/export/9575/?ln=en,https://idevelopsrv25.epfl.ch:443/publication-exports/3058/?ln=en,{'search_basket_id': '4230'},https://infoscience.epfl.ch/yourbaskets/display_public?p=&so=d&rg=100&bskid=4230&of=xm
10460,http://infoscience-legacy.epfl.ch/curator/export/10460/?ln=en,https://idevelopsrv25.epfl.ch:443/publication-exports/3045/?ln=en,{'search_basket_id': '4226'},https://infoscience.epfl.ch/yourbaskets/display_public?p=&so=d&rg=100&bskid=4226&of=xm
9578,http://infoscience-legacy.epfl.ch/curator/export/9578/?ln=en,https://idevelopsrv25.epfl.ch:443/publication-exports/3061/?ln=en,{'search_basket_id': '4248'},https://infoscience.epfl.ch/yourbaskets/display_public?p=&so=d&rg=100&bskid=4248&of=xm
9579,http://infoscience-legacy.epfl.ch/curator/export/9579/?ln=en,https://idevelopsrv25.epfl.ch:443/publication-exports/3062/?ln=en,{'search_basket_id': '4239'},https://infoscience.epfl.ch/yourbaskets/display_public?p=&so=d&rg=100&bskid=4239&of=xm
9580,http://infoscience-legacy.epfl.ch/curator/export/9580/?ln=en,https://idevelopsrv25.epfl.ch:443/publication-exports/3063/?ln=en,{'search_basket_id': '4240'},https://infoscience.epfl.ch/yourbaskets/display_public?p=&so=d&rg=100&bskid=4240&of=xm
12522,https://infoscience-legacy.epfl.ch/curator/export/12522/?ln=en,https://idevelopsrv25.epfl.ch:443/publication-exports/3064/?ln=en,{'search_basket_id': '4553'},https://infoscience.epfl.ch/yourbaskets/display_public?p=&so=d&rg=100&bskid=4553&of=xm
12523,https://infoscience-legacy.epfl.ch/curator/export/12523/?ln=en,https://idevelopsrv25.epfl.ch:443/publication-exports/3065/?ln=en,{'search_basket_id': '4552'},https://infoscience.epfl.ch/yourbaskets/display_public?p=&so=d&rg=100&bskid=4552&of=xm
9721,http://infoscience-legacy.epfl.ch/curator/export/9721/?ln=en,https://idevelopsrv25.epfl.ch:443/publication-exports/3071/?ln=en,{'search_basket_id': '4254'},https://infoscience.epfl.ch/yourbaskets/display_public?p=&so=d&rg=100&bskid=4254&of=xm
9576,http://infoscience-legacy.epfl.ch/curator/export/9576/?ln=en,https://idevelopsrv25.epfl.ch:443/publication-exports/3059/?ln=en,{'search_basket_id': '4246'},https://infoscience.epfl.ch/yourbaskets/display_public?p=&so=d&rg=100&bskid=4246&of=xm
9577,http://infoscience-legacy.epfl.ch/curator/export/9577/?ln=en,https://idevelopsrv25.epfl.ch:443/publication-exports/3060/?ln=en,{'search_basket_id': '4247'},https://infoscience.epfl.ch/yourbaskets/display_public?p=&so=d&rg=100&bskid=4247&of=xm
11694,http://infoscience-legacy.epfl.ch/curator/export/11694/?ln=en,https://idevelopsrv25.epfl.ch:443/publication-exports/3086/?ln=fr,{'search_basket_id': '4511'},https://infoscience.epfl.ch/yourbaskets/display_public?p=&so=d&rg=100&bskid=4511&of=xm
10071,http://infoscience-legacy.epfl.ch/curator/export/10071/?ln=en,https://idevelopsrv25.epfl.ch:443/publication-exports/3087/?ln=en,{'search_basket_id': '3939'},https://infoscience.epfl.ch/yourbaskets/display_public?p=&so=d&rg=100&bskid=3939&of=xm
10071,http://infoscience-legacy.epfl.ch/curator/export/10071/?ln=en,https://idevelopsrv25.epfl.ch:443/publication-exports/3087/?ln=fr,{'search_basket_id': '3939'},https://infoscience.epfl.ch/yourbaskets/display_public?p=&so=d&rg=100&bskid=3939&of=xm
10386,http://infoscience-legacy.epfl.ch/curator/export/10386/?ln=en,https://idevelopsrv25.epfl.ch:443/publication-exports/3090/?ln=en,{'search_basket_id': '4313'},https://infoscience.epfl.ch/yourbaskets/display_public?p=&so=d&rg=100&bskid=4313&of=xm
11694,http://infoscience-legacy.epfl.ch/curator/export/11694/?ln=en,https://idevelopsrv25.epfl.ch:443/publication-exports/3086/?ln=en,{'search_basket_id': '4511'},https://infoscience.epfl.ch/yourbaskets/display_public?p=&so=d&rg=100&bskid=4511&of=xm
11622,https://infoscience-legacy.epfl.ch/curator/export/11622/?ln=en,https://idevelopsrv25.epfl.ch:443/publication-exports/3150/?ln=en,{'search_basket_id': '4496'},https://infoscience.epfl.ch/yourbaskets/display_public?p=&so=d&rg=100&bskid=4496&of=xm
11641,https://infoscience-legacy.epfl.ch/curator/export/11641/?ln=en,https://idevelopsrv25.epfl.ch:443/publication-exports/3151/?ln=en,{'search_basket_id': '4499'},https://infoscience.epfl.ch/yourbaskets/display_public?p=&so=d&rg=100&bskid=4499&of=xm
11405,http://infoscience-legacy.epfl.ch/curator/export/11405/?ln=en,https://idevelopsrv25.epfl.ch:443/publication-exports/3145/?ln=en,{'search_basket_id': '4478'},https://infoscience.epfl.ch/yourbaskets/display_public?p=&so=d&rg=100&bskid=4478&of=xm
12039,https://infoscience-legacy.epfl.ch/curator/export/12039/?ln=en,https://idevelopsrv25.epfl.ch:443/publication-exports/3182/?ln=en,{'search_basket_id': '4525'},https://infoscience.epfl.ch/yourbaskets/display_public?p=&so=d&rg=100&bskid=4525&of=xm
9147,http://infoscience-legacy.epfl.ch/curator/export/9147/?ln=en,https://idevelopsrv25.epfl.ch:443/publication-exports/3010/?ln=en,{'search_basket_id': '4181'},https://infoscience.epfl.ch/yourbaskets/display_public?p=&so=d&rg=100&bskid=4181&of=xm
9146,http://infoscience-legacy.epfl.ch/curator/export/9146/?ln=en,https://idevelopsrv25.epfl.ch:443/publication-exports/3009/?ln=en,{'search_basket_id': '4180'},https://infoscience.epfl.ch/yourbaskets/display_public?p=&so=d&rg=100&bskid=4180&of=xm
12603,https://infoscience-legacy.epfl.ch/curator/export/12603/?ln=en,https://idevelopsrv25.epfl.ch:443/publication-exports/3205/?ln=en,{'search_basket_id': '4562'},https://infoscience.epfl.ch/yourbaskets/display_public?p=&so=d&rg=100&bskid=4562&of=xm
12604,https://infoscience-legacy.epfl.ch/curator/export/12604/?ln=en,https://idevelopsrv25.epfl.ch:443/publication-exports/3206/?ln=en,{'search_basket_id': '4563'},https://infoscience.epfl.ch/yourbaskets/display_public?p=&so=d&rg=100&bskid=4563&of=xm
12771,https://infoscience-legacy.epfl.ch/curator/export/12771/?ln=en,https://idevelopsrv25.epfl.ch:443/publication-exports/3213/?ln=en,{'search_basket_id': '4575'},https://infoscience.epfl.ch/yourbaskets/display_public?p=&so=d&rg=100&bskid=4575&of=xm
12741,https://infoscience-legacy.epfl.ch/curator/export/12741/?ln=en,https://idevelopsrv25.epfl.ch:443/publication-exports/3214/?ln=en,{'search_basket_id': '4578'},https://infoscience.epfl.ch/yourbaskets/display_public?p=&so=d&rg=100&bskid=4578&of=xm
12742,https://infoscience-legacy.epfl.ch/curator/export/12742/?ln=en,https://idevelopsrv25.epfl.ch:443/publication-exports/3215/?ln=en,{'search_basket_id': '4579'},https://infoscience.epfl.ch/yourbaskets/display_public?p=&so=d&rg=100&bskid=4579&of=xm
12888,https://infoscience-legacy.epfl.ch/curator/export/12888/?ln=en,https://idevelopsrv25.epfl.ch:443/publication-exports/3218/?ln=en,{'search_basket_id': '4574'},https://infoscience.epfl.ch/yourbaskets/display_public?p=&so=d&rg=100&bskid=4574&of=xm
2181,http://infoscience-legacy.epfl.ch/curator/export/2181/?rg=1000,https://idevelopsrv25.epfl.ch:443/publication-exports/3231/?ln=en,{'search_basket_id': '1751'},https://infoscience.epfl.ch/yourbaskets/display_public?p=&bskid=1751&of=xm
2181,http://infoscience-legacy.epfl.ch/curator/export/2181/?rg=1000,https://idevelopsrv25.epfl.ch:443/publication-exports/3231/?ln=fr,{'search_basket_id': '1751'},https://infoscience.epfl.ch/yourbaskets/display_public?p=&bskid=1751&of=xm
4819,http://infoscience-legacy.epfl.ch/curator/export/4819/?rg=1000,https://idevelopsrv25.epfl.ch:443/publication-exports/3232/?ln=en,{'search_basket_id': '1751'},https://infoscience.epfl.ch/yourbaskets/display_public?p=&bskid=1751&of=xm
4819,http://infoscience-legacy.epfl.ch/curator/export/4819/?rg=1000,https://idevelopsrv25.epfl.ch:443/publication-exports/3232/?ln=fr,{'search_basket_id': '1751'},https://infoscience.epfl.ch/yourbaskets/display_public?p=&bskid=1751&of=xm
12666,https://infoscience-legacy.epfl.ch/curator/export/12666/?ln=en,https://idevelopsrv25.epfl.ch:443/publication-exports/3219/?ln=en,{'search_basket_id': '4566'},https://infoscience.epfl.ch/yourbaskets/display_public?p=&so=d&rg=100&bskid=4566&of=xm
12802,https://infoscience-legacy.epfl.ch/curator/export/12802/?ln=en,https://idevelopsrv25.epfl.ch:443/publication-exports/3220/?ln=en,{'search_basket_id': '4584'},https://infoscience.epfl.ch/yourbaskets/display_public?p=&so=d&rg=100&bskid=4584&of=xm
9506,http://infoscience-legacy.epfl.ch/curator/export/9506/?ln=en,https://idevelopsrv25.epfl.ch:443/publication-exports/3256/?ln=en,{'search_basket_id': '4216'},https://infoscience.epfl.ch/yourbaskets/display_public?p=&so=d&rg=100&bskid=4216&of=xm
9507,http://infoscience-legacy.epfl.ch/curator/export/9507/?ln=en,https://idevelopsrv25.epfl.ch:443/publication-exports/3257/?ln=en,{'search_basket_id': '4215'},https://infoscience.epfl.ch/yourbaskets/display_public?p=&so=d&rg=100&bskid=4215&of=xm
12387,https://infoscience-legacy.epfl.ch/curator/export/12387/?ln=en,https://idevelopsrv25.epfl.ch:443/publication-exports/3258/?ln=en,{'search_basket_id': '4544'},https://infoscience.epfl.ch/yourbaskets/display_public?p=&so=d&rg=100&bskid=4544&of=xm
12646,https://infoscience-legacy.epfl.ch/curator/export/12646/?ln=en,https://idevelopsrv25.epfl.ch:443/publication-exports/3242/?ln=en,{'search_basket_id': '4527'},https://infoscience.epfl.ch/yourbaskets/display_public?p=&so=d&rg=100&bskid=4527&of=xm
4682,http://infoscience-legacy.epfl.ch/curator/export/4682/?rg=1000,https://idevelopsrv25.epfl.ch:443/publication-exports/3276/?ln=en,{'search_basket_id': '1799'},https://infoscience.epfl.ch/yourbaskets/display_public?p=&bskid=1799&of=xm
4682,http://infoscience-legacy.epfl.ch/curator/export/4682/?rg=1000,https://idevelopsrv25.epfl.ch:443/publication-exports/3276/?ln=fr,{'search_basket_id': '1799'},https://infoscience.epfl.ch/yourbaskets/display_public?p=&bskid=1799&of=xm
5728,http://infoscience-legacy.epfl.ch/curator/export/5728/?rg=1000,https://idevelopsrv25.epfl.ch:443/publication-exports/3284/?ln=fr,{'search_basket_id': '3178'},https://infoscience.epfl.ch/yourbaskets/display_public?p=&bskid=3178&of=xm
5874,http://infoscience-legacy.epfl.ch/curator/export/5874/?rg=1000,https://idevelopsrv25.epfl.ch:443/publication-exports/3286/?ln=en,{'search_basket_id': '3494'},https://infoscience.epfl.ch/yourbaskets/display_public?p=&bskid=3494&of=xm
4729,http://infoscience-legacy.epfl.ch/curator/export/4729/?rg=1000,https://idevelopsrv25.epfl.ch:443/publication-exports/3266/?ln=en,{'search_basket_id': '1588'},https://infoscience.epfl.ch/yourbaskets/display_public?p=&bskid=1588&of=xm
4729,http://infoscience-legacy.epfl.ch/curator/export/4729/?rg=1000,https://idevelopsrv25.epfl.ch:443/publication-exports/3266/?ln=fr,{'search_basket_id': '1588'},https://infoscience.epfl.ch/yourbaskets/display_public?p=&bskid=1588&of=xm
2168,http://infoscience-legacy.epfl.ch/curator/export/2168/?rg=1000,https://idevelopsrv25.epfl.ch:443/publication-exports/3288/?ln=fr,{'search_basket_id': '2673'},https://infoscience.epfl.ch/yourbaskets/display_public?p=&bskid=2673&of=xm
4814,http://infoscience-legacy.epfl.ch/curator/export/4814/?rg=1000,https://idevelopsrv25.epfl.ch:443/publication-exports/3289/?ln=en,{'search_basket_id': '2673'},https://infoscience.epfl.ch/yourbaskets/display_public?p=&bskid=2673&of=xm
4814,http://infoscience-legacy.epfl.ch/curator/export/4814/?rg=1000,https://idevelopsrv25.epfl.ch:443/publication-exports/3289/?ln=fr,{'search_basket_id': '2673'},https://infoscience.epfl.ch/yourbaskets/display_public?p=&bskid=2673&of=xm
1769,http://infoscience-legacy.epfl.ch/curator/export/1769/?rg=1000,https://idevelopsrv25.epfl.ch:443/publication-exports/3299/?ln=en,{'search_basket_id': '1593'},https://infoscience.epfl.ch/yourbaskets/display_public?p=&bskid=1593&of=xm
1769,http://infoscience-legacy.epfl.ch/curator/export/1769/?rg=1000,https://idevelopsrv25.epfl.ch:443/publication-exports/3299/?ln=fr,{'search_basket_id': '1593'},https://infoscience.epfl.ch/yourbaskets/display_public?p=&bskid=1593&of=xm
4641,http://infoscience-legacy.epfl.ch/curator/export/4641/?rg=1000,https://idevelopsrv25.epfl.ch:443/publication-exports/3300/?ln=en,{'search_basket_id': '1593'},https://infoscience.epfl.ch/yourbaskets/display_public?p=&bskid=1593&of=xm
4641,http://infoscience-legacy.epfl.ch/curator/export/4641/?rg=1000,https://idevelopsrv25.epfl.ch:443/publication-exports/3300/?ln=fr,{'search_basket_id': '1593'},https://infoscience.epfl.ch/yourbaskets/display_public?p=&bskid=1593&of=xm
2168,http://infoscience-legacy.epfl.ch/curator/export/2168/?rg=1000,https://idevelopsrv25.epfl.ch:443/publication-exports/3288/?ln=en,{'search_basket_id': '2673'},https://infoscience.epfl.ch/yourbaskets/display_public?p=&bskid=2673&of=xm
9262,http://infoscience-legacy.epfl.ch/curator/export/9262/?ln=en,https://idevelopsrv25.epfl.ch:443/publication-exports/3329/?ln=en,{'search_basket_id': '4187'},https://infoscience.epfl.ch/yourbaskets/display_public?p=&so=d&rg=100&bskid=4187&of=xm
9904,http://infoscience-legacy.epfl.ch/curator/export/9904/?ln=en,https://idevelopsrv25.epfl.ch:443/publication-exports/3330/?ln=en,{'search_basket_id': '4187'},https://infoscience.epfl.ch/yourbaskets/display_public?p=&so=d&rg=100&bskid=4187&of=xm
8554,http://infoscience-legacy.epfl.ch/curator/export/8554/?ln=en,https://idevelopsrv25.epfl.ch:443/publication-exports/3318/?ln=en,{'search_basket_id': '4067'},https://infoscience.epfl.ch/yourbaskets/display_public?p=&so=d&rg=100&bskid=4067&of=xm
4977,http://infoscience-legacy.epfl.ch/curator/export/4977/?rg=1000,https://idevelopsrv25.epfl.ch:443/publication-exports/3336/?ln=fr,{'search_basket_id': '3335'},https://infoscience.epfl.ch/yourbaskets/display_public?p=&bskid=3335&of=xm
12295,https://infoscience-legacy.epfl.ch/curator/export/12295/?ln=en,https://idevelopsrv25.epfl.ch:443/publication-exports/3337/?ln=en,{'search_basket_id': '4538'},https://infoscience.epfl.ch/yourbaskets/display_public?p=&so=d&rg=100&bskid=4538&of=xm
13011,https://infoscience-legacy.epfl.ch/curator/export/13011/?ln=en,https://idevelopsrv25.epfl.ch:443/publication-exports/3338/?ln=en,{'search_basket_id': '4597'},https://infoscience.epfl.ch/yourbaskets/display_public?p=&so=d&rg=100&bskid=4597&of=xm
12299,https://infoscience-legacy.epfl.ch/curator/export/12299/?ln=en,https://idevelopsrv25.epfl.ch:443/publication-exports/3339/?ln=en,{'search_basket_id': '4539'},https://infoscience.epfl.ch/yourbaskets/display_public?p=&so=d&rg=100&bskid=4539&of=xm
12297,https://infoscience-legacy.epfl.ch/curator/export/12297/?ln=en,https://idevelopsrv25.epfl.ch:443/publication-exports/3340/?ln=en,{'search_basket_id': '4540'},https://infoscience.epfl.ch/yourbaskets/display_public?p=&so=d&rg=100&bskid=4540&of=xm
8965,http://infoscience-legacy.epfl.ch/curator/export/8965/?ln=en,https://idevelopsrv25.epfl.ch:443/publication-exports/3343/?ln=en,{'search_basket_id': '4082'},https://infoscience.epfl.ch/yourbaskets/display_public?p=&so=d&rg=100&bskid=4082&of=xm
8311,http://infoscience-legacy.epfl.ch/curator/export/8311/?ln=en,https://idevelopsrv25.epfl.ch:443/publication-exports/3345/?ln=en,{'search_basket_id': '4070'},https://infoscience.epfl.ch/yourbaskets/display_public?p=&so=d&rg=100&bskid=4070&of=xm
9904,http://infoscience-legacy.epfl.ch/curator/export/9904/?ln=fr,https://idevelopsrv25.epfl.ch:443/publication-exports/3330/?ln=fr,{'search_basket_id': '4187'},https://infoscience.epfl.ch/yourbaskets/display_public?p=&so=d&rg=100&bskid=4187&of=xm
4668,http://infoscience-legacy.epfl.ch/curator/export/4668/?rg=1000,https://idevelopsrv25.epfl.ch:443/publication-exports/3362/?ln=fr,{'search_basket_id': '2201'},https://infoscience.epfl.ch/yourbaskets/display_public?p=&bskid=2201&of=xm
10688,http://infoscience-legacy.epfl.ch/curator/export/10688/?ln=en,https://idevelopsrv25.epfl.ch:443/publication-exports/3365/?ln=en,{'search_basket_id': '4218'},https://infoscience.epfl.ch/yourbaskets/display_public?p=&so=d&rg=100&bskid=4218&of=xm
10688,http://infoscience-legacy.epfl.ch/curator/export/10688/?ln=en,https://idevelopsrv25.epfl.ch:443/publication-exports/3365/?ln=fr,{'search_basket_id': '4218'},https://infoscience.epfl.ch/yourbaskets/display_public?p=&so=d&rg=100&bskid=4218&of=xm
4668,http://infoscience-legacy.epfl.ch/curator/export/4668/?rg=1000,https://idevelopsrv25.epfl.ch:443/publication-exports/3362/?ln=en,{'search_basket_id': '2201'},https://infoscience.epfl.ch/yourbaskets/display_public?p=&bskid=2201&of=xm
1786,http://infoscience-legacy.epfl.ch/curator/export/1786/?rg=1000,https://idevelopsrv25.epfl.ch:443/publication-exports/3385/?ln=fr,{'search_basket_id': '2228'},https://infoscience.epfl.ch/yourbaskets/display_public?p=&bskid=2228&of=xm
4651,http://infoscience-legacy.epfl.ch/curator/export/4651/?rg=1000,https://idevelopsrv25.epfl.ch:443/publication-exports/3386/?ln=en,{'search_basket_id': '2228'},https://infoscience.epfl.ch/yourbaskets/display_public?p=&bskid=2228&of=xm
4651,http://infoscience-legacy.epfl.ch/curator/export/4651/?rg=1000,https://idevelopsrv25.epfl.ch:443/publication-exports/3386/?ln=fr,{'search_basket_id': '2228'},https://infoscience.epfl.ch/yourbaskets/display_public?p=&bskid=2228&of=xm
8541,http://infoscience-legacy.epfl.ch/curator/export/8541/?ln=en,https://idevelopsrv25.epfl.ch:443/publication-exports/3387/?ln=fr,{'search_basket_id': '4100'},https://infoscience.epfl.ch/yourbaskets/display_public?p=&so=d&rg=100&bskid=4100&of=xm
8540,http://infoscience-legacy.epfl.ch/curator/export/8540/?ln=en,https://idevelopsrv25.epfl.ch:443/publication-exports/3388/?ln=en,{'search_basket_id': '4098'},https://infoscience.epfl.ch/yourbaskets/display_public?p=&so=d&rg=100&bskid=4098&of=xm
2040,http://infoscience-legacy.epfl.ch/curator/export/2040/?rg=1000,https://idevelopsrv25.epfl.ch:443/publication-exports/3394/?ln=en,{'search_basket_id': '3008'},https://infoscience.epfl.ch/yourbaskets/display_public?p=&bskid=3008&of=xm
2040,http://infoscience-legacy.epfl.ch/curator/export/2040/?rg=1000,https://idevelopsrv25.epfl.ch:443/publication-exports/3394/?ln=fr,{'search_basket_id': '3008'},https://infoscience.epfl.ch/yourbaskets/display_public?p=&bskid=3008&of=xm
4765,http://infoscience-legacy.epfl.ch/curator/export/4765/?rg=1000,https://idevelopsrv25.epfl.ch:443/publication-exports/3395/?ln=en,{'search_basket_id': '3008'},https://infoscience.epfl.ch/yourbaskets/display_public?p=&bskid=3008&of=xm
4765,http://infoscience-legacy.epfl.ch/curator/export/4765/?rg=1000,https://idevelopsrv25.epfl.ch:443/publication-exports/3395/?ln=fr,{'search_basket_id': '3008'},https://infoscience.epfl.ch/yourbaskets/display_public?p=&bskid=3008&of=xm
1730,http://infoscience-legacy.epfl.ch/curator/export/1730/?rg=1000,https://idevelopsrv25.epfl.ch:443/publication-exports/3400/?ln=en,{'search_basket_id': '774'},https://infoscience.epfl.ch/yourbaskets/display_public?p=&bskid=774&of=xm
1786,http://infoscience-legacy.epfl.ch/curator/export/1786/?rg=1000,https://idevelopsrv25.epfl.ch:443/publication-exports/3385/?ln=en,{'search_basket_id': '2228'},https://infoscience.epfl.ch/yourbaskets/display_public?p=&bskid=2228&of=xm
1871,http://infoscience-legacy.epfl.ch/curator/export/1871/?rg=1000,https://idevelopsrv25.epfl.ch:443/publication-exports/3407/?ln=en,{'search_basket_id': '683'},https://infoscience.epfl.ch/yourbaskets/display_public?p=&bskid=683&of=xm
1871,http://infoscience-legacy.epfl.ch/curator/export/1871/?rg=1000,https://idevelopsrv25.epfl.ch:443/publication-exports/3407/?ln=fr,{'search_basket_id': '683'},https://infoscience.epfl.ch/yourbaskets/display_public?p=&bskid=683&of=xm
1694,http://infoscience-legacy.epfl.ch/curator/export/1694/?rg=1000,https://idevelopsrv25.epfl.ch:443/publication-exports/3410/?ln=en,{'search_basket_id': '426'},https://infoscience.epfl.ch/yourbaskets/display_public?p=&bskid=426&of=xm
1694,http://infoscience-legacy.epfl.ch/curator/export/1694/?rg=1000,https://idevelopsrv25.epfl.ch:443/publication-exports/3410/?ln=fr,{'search_basket_id': '426'},https://infoscience.epfl.ch/yourbaskets/display_public?p=&bskid=426&of=xm
4584,http://infoscience-legacy.epfl.ch/curator/export/4584/?rg=1000,https://idevelopsrv25.epfl.ch:443/publication-exports/3411/?ln=en,{'search_basket_id': '426'},https://infoscience.epfl.ch/yourbaskets/display_public?p=&bskid=426&of=xm
4584,http://infoscience-legacy.epfl.ch/curator/export/4584/?rg=1000,https://idevelopsrv25.epfl.ch:443/publication-exports/3411/?ln=fr,{'search_basket_id': '426'},https://infoscience.epfl.ch/yourbaskets/display_public?p=&bskid=426&of=xm
4392,http://infoscience-legacy.epfl.ch/curator/export/4392/?ln=en&rg=1000,https://idevelopsrv25.epfl.ch:443/publication-exports/3412/?ln=en,{'search_basket_id': '3853'},https://infoscience.epfl.ch/yourbaskets/display_public?p=&bskid=3853&of=xm
4779,http://infoscience-legacy.epfl.ch/curator/export/4779/?rg=1000,https://idevelopsrv25.epfl.ch:443/publication-exports/3413/?ln=en,{'search_basket_id': '3853'},https://infoscience.epfl.ch/yourbaskets/display_public?p=&bskid=3853&of=xm
11448,https://infoscience-legacy.epfl.ch/curator/export/11448/?ln=en,https://idevelopsrv25.epfl.ch:443/publication-exports/3403/?ln=en,{'search_basket_id': '3968'},https://infoscience.epfl.ch/yourbaskets/display_public?p=&so=d&rg=100&bskid=3968&of=xm
12974,https://infoscience-legacy.epfl.ch/curator/export/12974/?ln=en,https://idevelopsrv25.epfl.ch:443/publication-exports/3434/?ln=en,{'search_basket_id': '4593'},https://infoscience.epfl.ch/yourbaskets/display_public?p=&so=d&rg=100&bskid=4593&of=xm
5261,http://infoscience-legacy.epfl.ch/curator/export/5261/?rg=1000,https://idevelopsrv25.epfl.ch:443/publication-exports/3435/?ln=en,{'search_basket_id': '1402'},https://infoscience.epfl.ch/yourbaskets/display_public?p=&bskid=1402&of=xm
5261,http://infoscience-legacy.epfl.ch/curator/export/5261/?rg=1000,https://idevelopsrv25.epfl.ch:443/publication-exports/3435/?ln=fr,{'search_basket_id': '1402'},https://infoscience.epfl.ch/yourbaskets/display_public?p=&bskid=1402&of=xm
1936,http://infoscience-legacy.epfl.ch/curator/export/1936/?rg=1000,https://idevelopsrv25.epfl.ch:443/publication-exports/3437/?ln=en,{'search_basket_id': '3268'},https://infoscience.epfl.ch/yourbaskets/display_public?p=&bskid=3268&of=xm
1936,http://infoscience-legacy.epfl.ch/curator/export/1936/?rg=1000,https://idevelopsrv25.epfl.ch:443/publication-exports/3437/?ln=fr,{'search_basket_id': '3268'},https://infoscience.epfl.ch/yourbaskets/display_public?p=&bskid=3268&of=xm
5018,http://infoscience-legacy.epfl.ch/curator/export/5018/?rg=1000,https://idevelopsrv25.epfl.ch:443/publication-exports/3438/?ln=en,{'search_basket_id': '3268'},https://infoscience.epfl.ch/yourbaskets/display_public?p=&bskid=3268&of=xm
5018,http://infoscience-legacy.epfl.ch/curator/export/5018/?rg=1000,https://idevelopsrv25.epfl.ch:443/publication-exports/3438/?ln=fr,{'search_basket_id': '3268'},https://infoscience.epfl.ch/yourbaskets/display_public?p=&bskid=3268&of=xm
12974,https://infoscience-legacy.epfl.ch/curator/export/12974/?ln=en,https://idevelopsrv25.epfl.ch:443/publication-exports/3434/?ln=fr,{'search_basket_id': '4593'},https://infoscience.epfl.ch/yourbaskets/display_public?p=&so=d&rg=100&bskid=4593&of=xm
10745,http://infoscience-legacy.epfl.ch/curator/export/10745/,https://idevelopsrv25.epfl.ch:443/publication-exports/3456/?ln=fr,{'search_basket_id': '4414'},https://infoscience.epfl.ch/yourbaskets/display_public?p=&so=d&rg=100&bskid=4414&of=xm
10711,http://infoscience-legacy.epfl.ch/curator/export/10711/?ln=en,https://idevelopsrv25.epfl.ch:443/publication-exports/3457/?ln=fr,{'search_basket_id': '4393'},https://infoscience.epfl.ch/yourbaskets/display_public?p=&so=d&rg=100&bskid=4393&of=xm
10711,http://infoscience-legacy.epfl.ch/curator/export/10711/?ln=en,https://idevelopsrv25.epfl.ch:443/publication-exports/3457/?ln=en,{'search_basket_id': '4393'},https://infoscience.epfl.ch/yourbaskets/display_public?p=&so=d&rg=100&bskid=4393&of=xm
1788,http://infoscience-legacy.epfl.ch/curator/export/1788/?rg=1000,https://idevelopsrv25.epfl.ch:443/publication-exports/3460/?ln=en,{'search_basket_id': '3341'},https://infoscience.epfl.ch/yourbaskets/display_public?p=&bskid=3341&of=xm
5550,http://infoscience-legacy.epfl.ch/curator/export/5550/?rg=1000,https://idevelopsrv25.epfl.ch:443/publication-exports/3461/?ln=en,{'search_basket_id': '3984'},https://infoscience.epfl.ch/yourbaskets/display_public?p=&bskid=3984&of=xm
10745,http://infoscience-legacy.epfl.ch/curator/export/10745/,https://idevelopsrv25.epfl.ch:443/publication-exports/3456/?ln=en,{'search_basket_id': '4414'},https://infoscience.epfl.ch/yourbaskets/display_public?p=&so=d&rg=100&bskid=4414&of=xm
1775,http://infoscience-legacy.epfl.ch/curator/export/1775/?rg=1000,https://idevelopsrv25.epfl.ch:443/publication-exports/3464/?ln=fr,{'search_basket_id': '899'},https://infoscience.epfl.ch/yourbaskets/display_public?p=&bskid=899&of=xm
2345,http://infoscience-legacy.epfl.ch/curator/export/2345/?rg=1000,https://idevelopsrv25.epfl.ch:443/publication-exports/3465/?ln=en,{'search_basket_id': '527'},https://infoscience.epfl.ch/yourbaskets/display_public?p=&bskid=527&of=xm
2345,http://infoscience-legacy.epfl.ch/curator/export/2345/?rg=1000,https://idevelopsrv25.epfl.ch:443/publication-exports/3465/?ln=fr,{'search_basket_id': '527'},https://infoscience.epfl.ch/yourbaskets/display_public?p=&bskid=527&of=xm
1690,http://infoscience-legacy.epfl.ch/curator/export/1690/?rg=1000,https://idevelopsrv25.epfl.ch:443/publication-exports/3476/?ln=en,{'search_basket_id': '560'},https://infoscience.epfl.ch/yourbaskets/display_public?p=&bskid=560&of=xm
1690,http://infoscience-legacy.epfl.ch/curator/export/1690/?rg=1000,https://idevelopsrv25.epfl.ch:443/publication-exports/3476/?ln=fr,{'search_basket_id': '560'},https://infoscience.epfl.ch/yourbaskets/display_public?p=&bskid=560&of=xm
1775,http://infoscience-legacy.epfl.ch/curator/export/1775/?rg=1000,https://idevelopsrv25.epfl.ch:443/publication-exports/3464/?ln=en,{'search_basket_id': '899'},https://infoscience.epfl.ch/yourbaskets/display_public?p=&bskid=899&of=xm
5999,http://infoscience-legacy.epfl.ch/curator/export/5999/?rg=1000,https://idevelopsrv25.epfl.ch:443/publication-exports/3498/?ln=en,{'search_basket_id': '3681'},https://infoscience.epfl.ch/yourbaskets/display_public?p=&bskid=3681&of=xm
5999,http://infoscience-legacy.epfl.ch/curator/export/5999/?rg=1000,https://idevelopsrv25.epfl.ch:443/publication-exports/3498/?ln=fr,{'search_basket_id': '3681'},https://infoscience.epfl.ch/yourbaskets/display_public?p=&bskid=3681&of=xm
2169,http://infoscience-legacy.epfl.ch/curator/export/2169/?rg=1000,https://idevelopsrv25.epfl.ch:443/publication-exports/3500/?ln=en,{'search_basket_id': '1314'},https://infoscience.epfl.ch/yourbaskets/display_public?p=&bskid=1314&of=xm
2169,http://infoscience-legacy.epfl.ch/curator/export/2169/?rg=1000,https://idevelopsrv25.epfl.ch:443/publication-exports/3500/?ln=fr,{'search_basket_id': '1314'},https://infoscience.epfl.ch/yourbaskets/display_public?p=&bskid=1314&of=xm
4815,http://infoscience-legacy.epfl.ch/curator/export/4815/?rg=1000,https://idevelopsrv25.epfl.ch:443/publication-exports/3501/?ln=en,{'search_basket_id': '1314'},https://infoscience.epfl.ch/yourbaskets/display_public?p=&bskid=1314&of=xm
4815,http://infoscience-legacy.epfl.ch/curator/export/4815/?rg=1000,https://idevelopsrv25.epfl.ch:443/publication-exports/3501/?ln=fr,{'search_basket_id': '1314'},https://infoscience.epfl.ch/yourbaskets/display_public?p=&bskid=1314&of=xm
9069,http://infoscience-legacy.epfl.ch/curator/export/9069/?ln=en,https://idevelopsrv25.epfl.ch:443/publication-exports/3496/?ln=en,{'search_basket_id': '4166'},https://infoscience.epfl.ch/yourbaskets/display_public?p=&so=d&rg=100&bskid=4166&of=xm
4745,http://infoscience-legacy.epfl.ch/curator/export/4745/?rg=1000,https://idevelopsrv25.epfl.ch:443/publication-exports/3518/?ln=fr,{'search_basket_id': '3272'},https://infoscience.epfl.ch/yourbaskets/display_public?p=&bskid=3272&of=xm
4599,http://infoscience-legacy.epfl.ch/curator/export/4599/?rg=1000,https://idevelopsrv25.epfl.ch:443/publication-exports/3544/?ln=en,{'search_basket_id': '1851'},https://infoscience.epfl.ch/yourbaskets/display_public?p=&bskid=1851&of=xm
1665,http://infoscience-legacy.epfl.ch/curator/export/1665/?rg=1000,https://idevelopsrv25.epfl.ch:443/publication-exports/3563/?ln=en,{'search_basket_id': '2914'},https://infoscience.epfl.ch/yourbaskets/display_public?p=&bskid=2914&of=xm
1665,http://infoscience-legacy.epfl.ch/curator/export/1665/?rg=1000,https://idevelopsrv25.epfl.ch:443/publication-exports/3563/?ln=fr,{'search_basket_id': '2914'},https://infoscience.epfl.ch/yourbaskets/display_public?p=&bskid=2914&of=xm
4573,http://infoscience-legacy.epfl.ch/curator/export/4573/?rg=1000,https://idevelopsrv25.epfl.ch:443/publication-exports/3564/?ln=en,{'search_basket_id': '2914'},https://infoscience.epfl.ch/yourbaskets/display_public?p=&bskid=2914&of=xm
4573,http://infoscience-legacy.epfl.ch/curator/export/4573/?rg=1000,https://idevelopsrv25.epfl.ch:443/publication-exports/3564/?ln=fr,{'search_basket_id': '2914'},https://infoscience.epfl.ch/yourbaskets/display_public?p=&bskid=2914&of=xm
1760,http://infoscience-legacy.epfl.ch/curator/export/1760/?rg=1000,https://idevelopsrv25.epfl.ch:443/publication-exports/3567/?ln=en,{'search_basket_id': '1648'},https://infoscience.epfl.ch/yourbaskets/display_public?p=&bskid=1648&of=xm
1760,http://infoscience-legacy.epfl.ch/curator/export/1760/?rg=1000,https://idevelopsrv25.epfl.ch:443/publication-exports/3567/?ln=fr,{'search_basket_id': '1648'},https://infoscience.epfl.ch/yourbaskets/display_public?p=&bskid=1648&of=xm
4897,http://infoscience-legacy.epfl.ch/curator/export/4897/?rg=1000,https://idevelopsrv25.epfl.ch:443/publication-exports/3568/?ln=en,{'search_basket_id': '1648'},https://infoscience.epfl.ch/yourbaskets/display_public?p=&bskid=1648&of=xm
4897,http://infoscience-legacy.epfl.ch/curator/export/4897/?rg=1000,https://idevelopsrv25.epfl.ch:443/publication-exports/3568/?ln=fr,{'search_basket_id': '1648'},https://infoscience.epfl.ch/yourbaskets/display_public?p=&bskid=1648&of=xm
2317,http://infoscience-legacy.epfl.ch/curator/export/2317/?rg=1000,https://idevelopsrv25.epfl.ch:443/publication-exports/3552/?ln=en,{'search_basket_id': '414'},https://infoscience.epfl.ch/yourbaskets/display_public?p=&bskid=414&of=xm
2317,http://infoscience-legacy.epfl.ch/curator/export/2317/?rg=1000,https://idevelopsrv25.epfl.ch:443/publication-exports/3552/?ln=fr,{'search_basket_id': '414'},https://infoscience.epfl.ch/yourbaskets/display_public?p=&bskid=414&of=xm
1774,http://infoscience-legacy.epfl.ch/curator/export/1774/?rg=1000,https://idevelopsrv25.epfl.ch:443/publication-exports/3576/?ln=fr,{'search_basket_id': '689'},https://infoscience.epfl.ch/yourbaskets/display_public?p=&bskid=689&of=xm
4646,http://infoscience-legacy.epfl.ch/curator/export/4646/?rg=1000,https://idevelopsrv25.epfl.ch:443/publication-exports/3577/?ln=en,{'search_basket_id': '4503'},https://infoscience.epfl.ch/yourbaskets/display_public?p=&bskid=4503&of=xm
4646,http://infoscience-legacy.epfl.ch/curator/export/4646/?rg=1000,https://idevelopsrv25.epfl.ch:443/publication-exports/3577/?ln=fr,{'search_basket_id': '4503'},https://infoscience.epfl.ch/yourbaskets/display_public?p=&bskid=4503&of=xm
4751,http://infoscience-legacy.epfl.ch/curator/export/4751/?rg=1000,https://idevelopsrv25.epfl.ch:443/publication-exports/3580/?ln=en,{'search_basket_id': '3393'},https://infoscience.epfl.ch/yourbaskets/display_public?p=&bskid=3393&of=xm
4751,http://infoscience-legacy.epfl.ch/curator/export/4751/?rg=1000,https://idevelopsrv25.epfl.ch:443/publication-exports/3580/?ln=fr,{'search_basket_id': '3393'},https://infoscience.epfl.ch/yourbaskets/display_public?p=&bskid=3393&of=xm
13016,https://infoscience-legacy.epfl.ch/curator/export/13016/?ln=en,https://idevelopsrv25.epfl.ch:443/publication-exports/3588/?ln=en,{'search_basket_id': '4483'},https://infoscience.epfl.ch/yourbaskets/display_public?p=&so=d&rg=100&bskid=4483&of=xm
1774,http://infoscience-legacy.epfl.ch/curator/export/1774/?rg=1000,https://idevelopsrv25.epfl.ch:443/publication-exports/3576/?ln=en,{'search_basket_id': '689'},https://infoscience.epfl.ch/yourbaskets/display_public?p=&bskid=689&of=xm
11645,https://infoscience-legacy.epfl.ch/curator/export/11645/?ln=en,https://idevelopsrv25.epfl.ch:443/publication-exports/3601/?ln=en,{'search_basket_id': '4329'},https://infoscience.epfl.ch/yourbaskets/display_public?p=&so=d&rg=100&bskid=4329&of=xm
10465,http://infoscience-legacy.epfl.ch/curator/export/10465/?ln=en,https://idevelopsrv25.epfl.ch:443/publication-exports/3602/?ln=en,{'search_basket_id': '4329'},https://infoscience.epfl.ch/yourbaskets/display_public?p=&so=d&rg=100&bskid=4329&of=xm
4613,http://infoscience-legacy.epfl.ch/curator/export/4613/?rg=1000,https://idevelopsrv25.epfl.ch:443/publication-exports/3606/?ln=fr,{'search_basket_id': '3777'},https://infoscience.epfl.ch/yourbaskets/display_public?p=&bskid=3777&of=xm
11645,https://infoscience-legacy.epfl.ch/curator/export/11645/?ln=en,https://idevelopsrv25.epfl.ch:443/publication-exports/3601/?ln=fr,{'search_basket_id': '4329'},https://infoscience.epfl.ch/yourbaskets/display_public?p=&so=d&rg=100&bskid=4329&of=xm
5105,http://infoscience-legacy.epfl.ch/curator/export/5105/?rg=1000,https://idevelopsrv25.epfl.ch:443/publication-exports/3627/?ln=fr,{'search_basket_id': '3699'},https://infoscience.epfl.ch/yourbaskets/display_public?p=&bskid=3699&of=xm
1866,http://infoscience-legacy.epfl.ch/curator/export/1866/?rg=1000,https://idevelopsrv25.epfl.ch:443/publication-exports/3628/?ln=en,{'search_basket_id': '2897'},https://infoscience.epfl.ch/yourbaskets/display_public?p=&bskid=2897&of=xm
1866,http://infoscience-legacy.epfl.ch/curator/export/1866/?rg=1000,https://idevelopsrv25.epfl.ch:443/publication-exports/3628/?ln=fr,{'search_basket_id': '2897'},https://infoscience.epfl.ch/yourbaskets/display_public?p=&bskid=2897&of=xm
1692,http://infoscience-legacy.epfl.ch/curator/export/1692/?rg=1000,https://idevelopsrv25.epfl.ch:443/publication-exports/3637/?ln=fr,{'search_basket_id': '3566'},https://infoscience.epfl.ch/yourbaskets/display_public?p=&bskid=3566&of=xm
5105,http://infoscience-legacy.epfl.ch/curator/export/5105/?rg=1000,https://idevelopsrv25.epfl.ch:443/publication-exports/3627/?ln=en,{'search_basket_id': '3699'},https://infoscience.epfl.ch/yourbaskets/display_public?p=&bskid=3699&of=xm
5291,http://infoscience-legacy.epfl.ch/curator/export/5291/?rg=1000,https://idevelopsrv25.epfl.ch:443/publication-exports/3656/?ln=en,{'search_basket_id': '3843'},https://infoscience.epfl.ch/yourbaskets/display_public?p=&bskid=3843&of=xm
5291,http://infoscience-legacy.epfl.ch/curator/export/5291/?rg=1000,https://idevelopsrv25.epfl.ch:443/publication-exports/3656/?ln=fr,{'search_basket_id': '3843'},https://infoscience.epfl.ch/yourbaskets/display_public?p=&bskid=3843&of=xm
10340,http://infoscience-legacy.epfl.ch/curator/export/10340/?ln=en,https://idevelopsrv25.epfl.ch:443/publication-exports/3655/?ln=en,{'search_basket_id': '4306'},https://infoscience.epfl.ch/yourbaskets/display_public?p=&so=d&rg=100&bskid=4306&of=xm
12748,https://infoscience-legacy.epfl.ch/curator/export/12748/?ln=en,https://idevelopsrv25.epfl.ch:443/publication-exports/3659/?ln=en,{'search_basket_id': '4581'},https://infoscience.epfl.ch/yourbaskets/display_public?p=&so=d&rg=100&bskid=4581&of=xm
8654,http://infoscience-legacy.epfl.ch/curator/export/8654/?ln=en,https://idevelopsrv25.epfl.ch:443/publication-exports/3695/?ln=en,{'search_basket_id': '2986'},https://infoscience.epfl.ch/yourbaskets/display_public?p=&so=d&rg=100&bskid=2986&of=xm
4802,http://infoscience-legacy.epfl.ch/curator/export/4802/?rg=1000,https://idevelopsrv25.epfl.ch:443/publication-exports/3696/?ln=fr,{'search_basket_id': '2069'},https://infoscience.epfl.ch/yourbaskets/display_public?p=&bskid=2069&of=xm
6043,http://infoscience-legacy.epfl.ch/curator/export/6043/?rg=1000,https://idevelopsrv25.epfl.ch:443/publication-exports/3682/?ln=en,{'search_basket_id': '3832'},https://infoscience.epfl.ch/yourbaskets/display_public?p=&bskid=3832&of=xm
6052,http://infoscience-legacy.epfl.ch/curator/export/6052/?rg=1000,https://idevelopsrv25.epfl.ch:443/publication-exports/3705/?ln=fr,{'search_basket_id': '3849'},https://infoscience.epfl.ch/yourbaskets/display_public?p=&bskid=3849&of=xm
11597,https://infoscience-legacy.epfl.ch/curator/export/11597/?ln=en,https://idevelopsrv25.epfl.ch:443/publication-exports/3706/?ln=en,{'search_basket_id': '4489'},https://infoscience.epfl.ch/yourbaskets/display_public?p=&so=d&rg=100&bskid=4489&of=xm
11790,https://infoscience-legacy.epfl.ch/curator/export/11790/?ln=en,https://idevelopsrv25.epfl.ch:443/publication-exports/3707/?ln=en,{'search_basket_id': '4490'},https://infoscience.epfl.ch/yourbaskets/display_public?p=&so=d&rg=100&bskid=4490&of=xm
11598,https://infoscience-legacy.epfl.ch/curator/export/11598/?ln=en,https://idevelopsrv25.epfl.ch:443/publication-exports/3708/?ln=en,{'search_basket_id': '4491'},https://infoscience.epfl.ch/yourbaskets/display_public?p=&so=d&rg=100&bskid=4491&of=xm
11813,https://infoscience-legacy.epfl.ch/curator/export/11813/?ln=en,https://idevelopsrv25.epfl.ch:443/publication-exports/3709/?ln=en,{'search_basket_id': '4492'},https://infoscience.epfl.ch/yourbaskets/display_public?p=&so=d&rg=100&bskid=4492&of=xm
1874,http://infoscience-legacy.epfl.ch/curator/export/1874/?rg=1000,https://idevelopsrv25.epfl.ch:443/publication-exports/3712/?ln=en,{'search_basket_id': '2842'},https://infoscience.epfl.ch/yourbaskets/display_public?p=&bskid=2842&of=xm
5501,http://infoscience-legacy.epfl.ch/curator/export/5501/?rg=1000,https://idevelopsrv25.epfl.ch:443/publication-exports/3713/?ln=en,{'search_basket_id': '2842'},https://infoscience.epfl.ch/yourbaskets/display_public?p=&bskid=2842&of=xm
6159,http://infoscience-legacy.epfl.ch/curator/export/6159/?ln=en&rg=1000,https://idevelopsrv25.epfl.ch:443/publication-exports/3714/?ln=fr,{'search_basket_id': '3898'},https://infoscience.epfl.ch/yourbaskets/display_public?p=&bskid=3898&of=xm
1671,http://infoscience-legacy.epfl.ch/curator/export/1671/?rg=1000,https://idevelopsrv25.epfl.ch:443/publication-exports/3717/?ln=fr,{'search_basket_id': '1642'},https://infoscience.epfl.ch/yourbaskets/display_public?p=&bskid=1642&of=xm
1663,http://infoscience-legacy.epfl.ch/curator/export/1663/?rg=1000,https://idevelopsrv25.epfl.ch:443/publication-exports/3727/?ln=en,{'search_basket_id': '3009'},https://infoscience.epfl.ch/yourbaskets/display_public?p=&bskid=3009&of=xm
1663,http://infoscience-legacy.epfl.ch/curator/export/1663/?rg=1000,https://idevelopsrv25.epfl.ch:443/publication-exports/3727/?ln=fr,{'search_basket_id': '3009'},https://infoscience.epfl.ch/yourbaskets/display_public?p=&bskid=3009&of=xm
6052,http://infoscience-legacy.epfl.ch/curator/export/6052/?rg=1000,https://idevelopsrv25.epfl.ch:443/publication-exports/3705/?ln=en,{'search_basket_id': '3849'},https://infoscience.epfl.ch/yourbaskets/display_public?p=&bskid=3849&of=xm
1746,http://infoscience-legacy.epfl.ch/curator/export/1746/?rg=1000,https://idevelopsrv25.epfl.ch:443/publication-exports/3734/?ln=fr,{'search_basket_id': '1638'},https://infoscience.epfl.ch/yourbaskets/display_public?p=&bskid=1638&of=xm
4625,http://infoscience-legacy.epfl.ch/curator/export/4625/?rg=1000,https://idevelopsrv25.epfl.ch:443/publication-exports/3735/?ln=en,{'search_basket_id': '1638'},https://infoscience.epfl.ch/yourbaskets/display_public?p=&bskid=1638&of=xm
4625,http://infoscience-legacy.epfl.ch/curator/export/4625/?rg=1000,https://idevelopsrv25.epfl.ch:443/publication-exports/3735/?ln=fr,{'search_basket_id': '1638'},https://infoscience.epfl.ch/yourbaskets/display_public?p=&bskid=1638&of=xm
4724,http://infoscience-legacy.epfl.ch/curator/export/4724/?rg=1000,https://idevelopsrv25.epfl.ch:443/publication-exports/3739/?ln=en,{'search_basket_id': '1535'},https://infoscience.epfl.ch/yourbaskets/display_public?p=&bskid=1535&of=xm
4724,http://infoscience-legacy.epfl.ch/curator/export/4724/?rg=1000,https://idevelopsrv25.epfl.ch:443/publication-exports/3739/?ln=fr,{'search_basket_id': '1535'},https://infoscience.epfl.ch/yourbaskets/display_public?p=&bskid=1535&of=xm
10709,http://infoscience-legacy.epfl.ch/curator/export/10709/?ln=en,https://idevelopsrv25.epfl.ch:443/publication-exports/3745/?ln=en,{'search_basket_id': '4270'},https://infoscience.epfl.ch/yourbaskets/display_public?p=&so=d&rg=100&bskid=4270&of=xm
5005,http://infoscience-legacy.epfl.ch/curator/export/5005/?rg=1000,https://idevelopsrv25.epfl.ch:443/publication-exports/3728/?ln=fr,{'search_basket_id': '3009'},https://infoscience.epfl.ch/yourbaskets/display_public?p=&bskid=3009&of=xm
1746,http://infoscience-legacy.epfl.ch/curator/export/1746/?rg=1000,https://idevelopsrv25.epfl.ch:443/publication-exports/3734/?ln=en,{'search_basket_id': '1638'},https://infoscience.epfl.ch/yourbaskets/display_public?p=&bskid=1638&of=xm
5567,http://infoscience-legacy.epfl.ch/curator/export/5567/?rg=1000,https://idevelopsrv25.epfl.ch:443/publication-exports/3772/?ln=en,{'search_basket_id': '3069'},https://infoscience.epfl.ch/yourbaskets/display_public?p=&bskid=3069&of=xm
4634,http://infoscience-legacy.epfl.ch/curator/export/4634/?rg=1000,https://idevelopsrv25.epfl.ch:443/publication-exports/3750/?ln=fr,{'search_basket_id': '3151'},https://infoscience.epfl.ch/yourbaskets/display_public?p=&bskid=3151&of=xm
2640,http://infoscience-legacy.epfl.ch/curator/export/2640/?rg=1000,https://idevelopsrv25.epfl.ch:443/publication-exports/3771/?ln=en,{'search_basket_id': '3069'},https://infoscience.epfl.ch/yourbaskets/display_public?p=&bskid=3069&of=xm
2640,http://infoscience-legacy.epfl.ch/curator/export/2640/?rg=1000,https://idevelopsrv25.epfl.ch:443/publication-exports/3771/?ln=fr,{'search_basket_id': '3069'},https://infoscience.epfl.ch/yourbaskets/display_public?p=&bskid=3069&of=xm
1756,http://infoscience-legacy.epfl.ch/curator/export/1756/?rg=1000,https://idevelopsrv25.epfl.ch:443/publication-exports/3749/?ln=en,{'search_basket_id': '3151'},https://infoscience.epfl.ch/yourbaskets/display_public?p=&bskid=3151&of=xm
4634,http://infoscience-legacy.epfl.ch/curator/export/4634/?rg=1000,https://idevelopsrv25.epfl.ch:443/publication-exports/3750/?ln=en,{'search_basket_id': '3151'},https://infoscience.epfl.ch/yourbaskets/display_public?p=&bskid=3151&of=xm
11204,http://infoscience-legacy.epfl.ch/curator/export/11204/?ln=en,https://idevelopsrv25.epfl.ch:443/publication-exports/3778/?ln=en,{'search_basket_id': '4279'},https://infoscience.epfl.ch/yourbaskets/display_public?p=&so=d&rg=100&bskid=4279&of=xm
1705,http://infoscience-legacy.epfl.ch/curator/export/1705/?rg=1000,https://idevelopsrv25.epfl.ch:443/publication-exports/3780/?ln=en,{'search_basket_id': '3145'},https://infoscience.epfl.ch/yourbaskets/display_public?p=&bskid=3145&of=xm
4593,http://infoscience-legacy.epfl.ch/curator/export/4593/?rg=1000,https://idevelopsrv25.epfl.ch:443/publication-exports/3781/?ln=fr,{'search_basket_id': '3634'},https://infoscience.epfl.ch/yourbaskets/display_public?p=&bskid=3634&of=xm
1680,http://infoscience-legacy.epfl.ch/curator/export/1680/?rg=1000,https://idevelopsrv25.epfl.ch:443/publication-exports/3784/?ln=en,{'search_basket_id': '531'},https://infoscience.epfl.ch/yourbaskets/display_public?p=&bskid=531&of=xm
1680,http://infoscience-legacy.epfl.ch/curator/export/1680/?rg=1000,https://idevelopsrv25.epfl.ch:443/publication-exports/3784/?ln=fr,{'search_basket_id': '531'},https://infoscience.epfl.ch/yourbaskets/display_public?p=&bskid=531&of=xm
5567,http://infoscience-legacy.epfl.ch/curator/export/5567/?rg=1000,https://idevelopsrv25.epfl.ch:443/publication-exports/3772/?ln=fr,{'search_basket_id': '3069'},https://infoscience.epfl.ch/yourbaskets/display_public?p=&bskid=3069&of=xm
4931,http://infoscience-legacy.epfl.ch/curator/export/4931/?rg=1000,https://idevelopsrv25.epfl.ch:443/publication-exports/3775/?ln=en,{'search_basket_id': '1134'},https://infoscience.epfl.ch/yourbaskets/display_public?p=&bskid=1134&of=xm
12730,https://infoscience-legacy.epfl.ch/curator/export/12730/?ln=en,https://idevelopsrv25.epfl.ch:443/publication-exports/3805/?ln=fr,{'search_basket_id': '4116'},https://infoscience.epfl.ch/yourbaskets/display_public?p=&so=d&rg=100&bskid=4116&of=xm
10271,http://infoscience-legacy.epfl.ch/curator/export/10271/?ln=en,https://idevelopsrv25.epfl.ch:443/publication-exports/3814/?ln=en,{'search_basket_id': '3152'},https://infoscience.epfl.ch/yourbaskets/display_public?p=&so=d&rg=100&bskid=3152&of=xm
5767,http://infoscience-legacy.epfl.ch/curator/export/5767/?rg=1000,https://idevelopsrv25.epfl.ch:443/publication-exports/3816/?ln=en,{'search_basket_id': '3400'},https://infoscience.epfl.ch/yourbaskets/display_public?p=&bskid=3400&of=xm
12836,https://infoscience-legacy.epfl.ch/curator/export/12836/?ln=en,https://idevelopsrv25.epfl.ch:443/publication-exports/3804/?ln=en,{'search_basket_id': '4116'},https://infoscience.epfl.ch/yourbaskets/display_public?p=&so=d&rg=100&bskid=4116&of=xm
5452,http://infoscience-legacy.epfl.ch/curator/export/5452/?rg=1000,https://idevelopsrv25.epfl.ch:443/publication-exports/3825/?ln=en,{'search_basket_id': '2632'},https://infoscience.epfl.ch/yourbaskets/display_public?p=&bskid=2632&of=xm
5452,http://infoscience-legacy.epfl.ch/curator/export/5452/?rg=1000,https://idevelopsrv25.epfl.ch:443/publication-exports/3825/?ln=fr,{'search_basket_id': '2632'},https://infoscience.epfl.ch/yourbaskets/display_public?p=&bskid=2632&of=xm
7666,http://infoscience-legacy.epfl.ch/curator/export/7666/?ln=en&rg=1000,https://idevelopsrv25.epfl.ch:443/publication-exports/3824/?ln=fr,{'search_basket_id': '4033'},https://infoscience.epfl.ch/yourbaskets/display_public?p=&bskid=4033&of=xm
4743,http://infoscience-legacy.epfl.ch/curator/export/4743/?rg=1000,https://idevelopsrv25.epfl.ch:443/publication-exports/3850/?ln=fr,{'search_basket_id': '1546'},https://infoscience.epfl.ch/yourbaskets/display_public?p=&bskid=1546&of=xm
4692,http://infoscience-legacy.epfl.ch/curator/export/4692/?rg=1000,https://idevelopsrv25.epfl.ch:443/publication-exports/3853/?ln=en,{'search_basket_id': '1576'},https://infoscience.epfl.ch/yourbaskets/display_public?p=&bskid=1576&of=xm
4692,http://infoscience-legacy.epfl.ch/curator/export/4692/?rg=1000,https://idevelopsrv25.epfl.ch:443/publication-exports/3853/?ln=fr,{'search_basket_id': '1576'},https://infoscience.epfl.ch/yourbaskets/display_public?p=&bskid=1576&of=xm
4743,http://infoscience-legacy.epfl.ch/curator/export/4743/?rg=1000,https://idevelopsrv25.epfl.ch:443/publication-exports/3850/?ln=en,{'search_basket_id': '1546'},https://infoscience.epfl.ch/yourbaskets/display_public?p=&bskid=1546&of=xm
1832,http://infoscience-legacy.epfl.ch/curator/export/1832/?rg=1000,https://idevelopsrv25.epfl.ch:443/publication-exports/3859/?ln=en,{'search_basket_id': '1581'},https://infoscience.epfl.ch/yourbaskets/display_public?p=&bskid=1581&of=xm
1832,http://infoscience-legacy.epfl.ch/curator/export/1832/?rg=1000,https://idevelopsrv25.epfl.ch:443/publication-exports/3859/?ln=fr,{'search_basket_id': '1581'},https://infoscience.epfl.ch/yourbaskets/display_public?p=&bskid=1581&of=xm
1868,http://infoscience-legacy.epfl.ch/curator/export/1868/?rg=1000,https://idevelopsrv25.epfl.ch:443/publication-exports/3863/?ln=en,{'search_basket_id': '1640'},https://infoscience.epfl.ch/yourbaskets/display_public?p=&bskid=1640&of=xm
1868,http://infoscience-legacy.epfl.ch/curator/export/1868/?rg=1000,https://idevelopsrv25.epfl.ch:443/publication-exports/3863/?ln=fr,{'search_basket_id': '1640'},https://infoscience.epfl.ch/yourbaskets/display_public?p=&bskid=1640&of=xm
4700,http://infoscience-legacy.epfl.ch/curator/export/4700/?rg=1000,https://idevelopsrv25.epfl.ch:443/publication-exports/3864/?ln=en,{'search_basket_id': '1640'},https://infoscience.epfl.ch/yourbaskets/display_public?p=&bskid=1640&of=xm
4700,http://infoscience-legacy.epfl.ch/curator/export/4700/?rg=1000,https://idevelopsrv25.epfl.ch:443/publication-exports/3864/?ln=fr,{'search_basket_id': '1640'},https://infoscience.epfl.ch/yourbaskets/display_public?p=&bskid=1640&of=xm
1914,http://infoscience-legacy.epfl.ch/curator/export/1914/?rg=1000,https://idevelopsrv25.epfl.ch:443/publication-exports/3857/?ln=fr,{'search_basket_id': '691'},https://infoscience.epfl.ch/yourbaskets/display_public?p=&bskid=691&of=xm
5715,http://infoscience-legacy.epfl.ch/curator/export/5715/?rg=1000,https://idevelopsrv25.epfl.ch:443/publication-exports/3879/?ln=en,{'search_basket_id': '3159'},https://infoscience.epfl.ch/yourbaskets/display_public?p=&bskid=3159&of=xm
5715,http://infoscience-legacy.epfl.ch/curator/export/5715/?rg=1000,https://idevelopsrv25.epfl.ch:443/publication-exports/3879/?ln=fr,{'search_basket_id': '3159'},https://infoscience.epfl.ch/yourbaskets/display_public?p=&bskid=3159&of=xm
1727,http://infoscience-legacy.epfl.ch/curator/export/1727/?rg=1000,https://idevelopsrv25.epfl.ch:443/publication-exports/3889/?ln=fr,{'search_basket_id': '1248'},https://infoscience.epfl.ch/yourbaskets/display_public?p=&bskid=1248&of=xm
4608,http://infoscience-legacy.epfl.ch/curator/export/4608/?rg=1000,https://idevelopsrv25.epfl.ch:443/publication-exports/3890/?ln=en,{'search_basket_id': '1248'},https://infoscience.epfl.ch/yourbaskets/display_public?p=&bskid=1248&of=xm
4608,http://infoscience-legacy.epfl.ch/curator/export/4608/?rg=1000,https://idevelopsrv25.epfl.ch:443/publication-exports/3890/?ln=fr,{'search_basket_id': '1248'},https://infoscience.epfl.ch/yourbaskets/display_public?p=&bskid=1248&of=xm
1807,http://infoscience-legacy.epfl.ch/curator/export/1807/?rg=1000,https://idevelopsrv25.epfl.ch:443/publication-exports/3894/?ln=en,{'search_basket_id': '1863'},https://infoscience.epfl.ch/yourbaskets/display_public?p=&bskid=1863&of=xm
1807,http://infoscience-legacy.epfl.ch/curator/export/1807/?rg=1000,https://idevelopsrv25.epfl.ch:443/publication-exports/3894/?ln=fr,{'search_basket_id': '1863'},https://infoscience.epfl.ch/yourbaskets/display_public?p=&bskid=1863&of=xm
5305,http://infoscience-legacy.epfl.ch/curator/export/5305/?rg=1000,https://idevelopsrv25.epfl.ch:443/publication-exports/3895/?ln=en,{'search_basket_id': '1863'},https://infoscience.epfl.ch/yourbaskets/display_public?p=&bskid=1863&of=xm
5305,http://infoscience-legacy.epfl.ch/curator/export/5305/?rg=1000,https://idevelopsrv25.epfl.ch:443/publication-exports/3895/?ln=fr,{'search_basket_id': '1863'},https://infoscience.epfl.ch/yourbaskets/display_public?p=&bskid=1863&of=xm
2363,http://infoscience-legacy.epfl.ch/curator/export/2363/?rg=1000,https://idevelopsrv25.epfl.ch:443/publication-exports/3896/?ln=en,{'search_basket_id': '627'},https://infoscience.epfl.ch/yourbaskets/display_public?p=&bskid=627&of=xm
1658,http://infoscience-legacy.epfl.ch/curator/export/1658/?rg=1000,https://idevelopsrv25.epfl.ch:443/publication-exports/3878/?ln=en,{'search_basket_id': '3159'},https://infoscience.epfl.ch/yourbaskets/display_public?p=&bskid=3159&of=xm
1658,http://infoscience-legacy.epfl.ch/curator/export/1658/?rg=1000,https://idevelopsrv25.epfl.ch:443/publication-exports/3878/?ln=fr,{'search_basket_id': '3159'},https://infoscience.epfl.ch/yourbaskets/display_public?p=&bskid=3159&of=xm
1710,http://infoscience-legacy.epfl.ch/curator/export/1710/?rg=1000,https://idevelopsrv25.epfl.ch:443/publication-exports/3922/?ln=fr,{'search_basket_id': '2664'},https://infoscience.epfl.ch/yourbaskets/display_public?p=&bskid=2664&of=xm
5071,http://infoscience-legacy.epfl.ch/curator/export/5071/?rg=1000,https://idevelopsrv25.epfl.ch:443/publication-exports/3923/?ln=en,{'search_basket_id': '2664'},https://infoscience.epfl.ch/yourbaskets/display_public?p=&bskid=2664&of=xm
5071,http://infoscience-legacy.epfl.ch/curator/export/5071/?rg=1000,https://idevelopsrv25.epfl.ch:443/publication-exports/3923/?ln=fr,{'search_basket_id': '2664'},https://infoscience.epfl.ch/yourbaskets/display_public?p=&bskid=2664&of=xm
10970,http://infoscience-legacy.epfl.ch/curator/export/10970/?ln=en,https://idevelopsrv25.epfl.ch:443/publication-exports/3931/?ln=en,{'search_basket_id': '4426'},https://infoscience.epfl.ch/yourbaskets/display_public?p=&so=d&rg=100&bskid=4426&of=xm
12843,https://infoscience-legacy.epfl.ch/curator/export/12843/?ln=en,https://idevelopsrv25.epfl.ch:443/publication-exports/3934/?ln=en,{'search_basket_id': '4193'},https://infoscience.epfl.ch/yourbaskets/display_public?p=&so=d&rg=100&bskid=4193&of=xm
12869,https://infoscience-legacy.epfl.ch/curator/export/12869/?ln=en,https://idevelopsrv25.epfl.ch:443/publication-exports/3935/?ln=en,{'search_basket_id': '4587'},https://infoscience.epfl.ch/yourbaskets/display_public?p=&so=d&rg=100&bskid=4587&of=xm
1710,http://infoscience-legacy.epfl.ch/curator/export/1710/?rg=1000,https://idevelopsrv25.epfl.ch:443/publication-exports/3922/?ln=en,{'search_basket_id': '2664'},https://infoscience.epfl.ch/yourbaskets/display_public?p=&bskid=2664&of=xm
5936,http://infoscience-legacy.epfl.ch/curator/export/5936/?rg=1000,https://idevelopsrv25.epfl.ch:443/publication-exports/3939/?ln=en,{'search_basket_id': '3491'},https://infoscience.epfl.ch/yourbaskets/display_public?p=&bskid=3491&of=xm
12785,https://infoscience-legacy.epfl.ch/curator/export/12785/?ln=en,https://idevelopsrv25.epfl.ch:443/publication-exports/3946/?ln=en,{'search_basket_id': '4582'},https://infoscience.epfl.ch/yourbaskets/display_public?p=&so=d&rg=100&bskid=4582&of=xm
4632,http://infoscience-legacy.epfl.ch/curator/export/4632/?rg=1000,https://idevelopsrv25.epfl.ch:443/publication-exports/3947/?ln=en,{'search_basket_id': '2138'},https://infoscience.epfl.ch/yourbaskets/display_public?p=&bskid=2138&of=xm
4632,http://infoscience-legacy.epfl.ch/curator/export/4632/?rg=1000,https://idevelopsrv25.epfl.ch:443/publication-exports/3947/?ln=fr,{'search_basket_id': '2138'},https://infoscience.epfl.ch/yourbaskets/display_public?p=&bskid=2138&of=xm
7416,http://infoscience-legacy.epfl.ch/curator/export/7416/?ln=en&rg=1000,https://idevelopsrv25.epfl.ch:443/publication-exports/3949/?ln=en,{'search_basket_id': '1814'},https://infoscience.epfl.ch/yourbaskets/display_public?p=&bskid=1814&of=xm
7416,http://infoscience-legacy.epfl.ch/curator/export/7416/?ln=fr&rg=1000,https://idevelopsrv25.epfl.ch:443/publication-exports/3949/?ln=fr,{'search_basket_id': '1814'},https://infoscience.epfl.ch/yourbaskets/display_public?p=&bskid=1814&of=xm
1806,http://infoscience-legacy.epfl.ch/curator/export/1806/?rg=1000,https://idevelopsrv25.epfl.ch:443/publication-exports/3938/?ln=fr,{'search_basket_id': '3491'},https://infoscience.epfl.ch/yourbaskets/display_public?p=&bskid=3491&of=xm
9182,http://infoscience-legacy.epfl.ch/curator/export/9182/?ln=en,https://idevelopsrv25.epfl.ch:443/publication-exports/3986/?ln=en,{'search_basket_id': '4190'},https://infoscience.epfl.ch/yourbaskets/display_public?p=&so=d&rg=100&bskid=4190&of=xm
1740,http://infoscience-legacy.epfl.ch/curator/export/1740/?rg=1000,https://idevelopsrv25.epfl.ch:443/publication-exports/4000/?ln=en,{'search_basket_id': '89'},https://infoscience.epfl.ch/yourbaskets/display_public?p=&bskid=89&of=xm
1740,http://infoscience-legacy.epfl.ch/curator/export/1740/?rg=1000,https://idevelopsrv25.epfl.ch:443/publication-exports/4000/?ln=fr,{'search_basket_id': '89'},https://infoscience.epfl.ch/yourbaskets/display_public?p=&bskid=89&of=xm
4620,http://infoscience-legacy.epfl.ch/curator/export/4620/?rg=1000,https://idevelopsrv25.epfl.ch:443/publication-exports/4009/?ln=en,{'search_basket_id': '3215'},https://infoscience.epfl.ch/yourbaskets/display_public?p=&bskid=3215&of=xm
4620,http://infoscience-legacy.epfl.ch/curator/export/4620/?rg=1000,https://idevelopsrv25.epfl.ch:443/publication-exports/4009/?ln=fr,{'search_basket_id': '3215'},https://infoscience.epfl.ch/yourbaskets/display_public?p=&bskid=3215&of=xm
1688,http://infoscience-legacy.epfl.ch/curator/export/1688/?rg=1000,https://idevelopsrv25.epfl.ch:443/publication-exports/4031/?ln=fr,{'search_basket_id': '3361'},https://infoscience.epfl.ch/yourbaskets/display_public?p=&bskid=3361&of=xm
5744,http://infoscience-legacy.epfl.ch/curator/export/5744/?rg=1000,https://idevelopsrv25.epfl.ch:443/publication-exports/4032/?ln=en,{'search_basket_id': '3361'},https://infoscience.epfl.ch/yourbaskets/display_public?p=&bskid=3361&of=xm
5744,http://infoscience-legacy.epfl.ch/curator/export/5744/?rg=1000,https://idevelopsrv25.epfl.ch:443/publication-exports/4032/?ln=fr,{'search_basket_id': '3361'},https://infoscience.epfl.ch/yourbaskets/display_public?p=&bskid=3361&of=xm
1688,http://infoscience-legacy.epfl.ch/curator/export/1688/?rg=1000,https://idevelopsrv25.epfl.ch:443/publication-exports/4031/?ln=en,{'search_basket_id': '3361'},https://infoscience.epfl.ch/yourbaskets/display_public?p=&bskid=3361&of=xm
1124,http://infoscience-legacy.epfl.ch/curator/publications/exporter/1124/?rg=1000,https://idevelopsrv25.epfl.ch:443/publication-exports/2504/?ln=en,{'search_basket_id': '3270'},https://infoscience.epfl.ch/yourbaskets/display_public?p=&bskid=3270&of=xm
1256,http://infoscience-legacy.epfl.ch/curator/publications/exporter/1256/?rg=1000,https://idevelopsrv25.epfl.ch:443/publication-exports/2625/?ln=en,{'search_basket_id': '3178'},https://infoscience.epfl.ch/yourbaskets/display_public?p=&bskid=3178&of=xm
7486,http://infoscience-legacy.epfl.ch/curator/export/7486/?ln=en&rg=1000,https://idevelopsrv25.epfl.ch:443/publication-exports/2921/?ln=en,{'search_basket_id': '4002'},https://infoscience.epfl.ch/yourbaskets/display_public?p=&bskid=4002&of=xm
8082,http://infoscience-legacy.epfl.ch/curator/export/8082/?ln=en,https://idevelopsrv25.epfl.ch:443/publication-exports/2941/?ln=en,{'search_basket_id': '4060'},https://infoscience.epfl.ch/yourbaskets/display_public?p=&so=d&rg=100&bskid=4060&of=xm
8410,http://infoscience-legacy.epfl.ch/curator/export/8410/?ln=en,https://idevelopsrv25.epfl.ch:443/publication-exports/2960/?ln=en,{'search_basket_id': '4089'},https://infoscience.epfl.ch/yourbaskets/display_public?p=&so=d&rg=100&bskid=4089&of=xm
7400,http://infoscience-legacy.epfl.ch/curator/export/7400/?ln=en&rg=1000,https://idevelopsrv25.epfl.ch:443/publication-exports/3357/?ln=en,{'search_basket_id': '4012'},https://infoscience.epfl.ch/yourbaskets/display_public?p=&bskid=4012&of=xm
7487,http://infoscience-legacy.epfl.ch/curator/export/7487/?ln=en&rg=1000,https://idevelopsrv25.epfl.ch:443/publication-exports/2914/?ln=en,{'search_basket_id': '4003'},https://infoscience.epfl.ch/yourbaskets/display_public?p=&bskid=4003&of=xm
12601,https://infoscience-legacy.epfl.ch/curator/export/12601/?ln=en,https://idevelopsrv25.epfl.ch:443/publication-exports/3204/?ln=en,{'search_basket_id': '4561'},https://infoscience.epfl.ch/yourbaskets/display_public?p=&so=d&rg=100&bskid=4561&of=xm
12658,https://infoscience-legacy.epfl.ch/curator/export/12658/?ln=en,https://idevelopsrv25.epfl.ch:443/publication-exports/3209/?ln=en,{'search_basket_id': '4565'},https://infoscience.epfl.ch/yourbaskets/display_public?p=&so=d&rg=100&bskid=4565&of=xm
12658,https://infoscience-legacy.epfl.ch/curator/export/12658/?ln=en,https://idevelopsrv25.epfl.ch:443/publication-exports/3209/?ln=fr,{'search_basket_id': '4565'},https://infoscience.epfl.ch/yourbaskets/display_public?p=&so=d&rg=100&bskid=4565&of=xm
5874,http://infoscience-legacy.epfl.ch/curator/export/5874/?rg=1000,https://idevelopsrv25.epfl.ch:443/publication-exports/3286/?ln=fr,{'search_basket_id': '3494'},https://infoscience.epfl.ch/yourbaskets/display_public?p=&bskid=3494&of=xm
7402,http://infoscience-legacy.epfl.ch/curator/export/7402/?ln=en&rg=1000,https://idevelopsrv25.epfl.ch:443/publication-exports/3355/?ln=en,{'search_basket_id': '4013'},https://infoscience.epfl.ch/yourbaskets/display_public?p=&bskid=4013&of=xm
9302,http://infoscience-legacy.epfl.ch/curator/export/9302/?ln=en,https://idevelopsrv25.epfl.ch:443/publication-exports/3019/?ln=en,{'search_basket_id': '4198'},https://infoscience.epfl.ch/yourbaskets/display_public?p=&so=d&rg=100&bskid=4198&of=xm
4599,http://infoscience-legacy.epfl.ch/curator/export/4599/?rg=1000,https://idevelopsrv25.epfl.ch:443/publication-exports/3544/?ln=fr,{'search_basket_id': '1851'},https://infoscience.epfl.ch/yourbaskets/display_public?p=&bskid=1851&of=xm
12749,https://infoscience-legacy.epfl.ch/curator/export/12749/?ln=en,https://idevelopsrv25.epfl.ch:443/publication-exports/3658/?ln=en,{'search_basket_id': '4580'},https://infoscience.epfl.ch/yourbaskets/display_public?p=&so=d&rg=100&bskid=4580&of=xm
5005,http://infoscience-legacy.epfl.ch/curator/export/5005/?rg=1000,https://idevelopsrv25.epfl.ch:443/publication-exports/3728/?ln=en,{'search_basket_id': '3009'},https://infoscience.epfl.ch/yourbaskets/display_public?p=&bskid=3009&of=xm
1705,http://infoscience-legacy.epfl.ch/curator/export/1705/?rg=1000,https://idevelopsrv25.epfl.ch:443/publication-exports/3780/?ln=fr,{'search_basket_id': '3145'},https://infoscience.epfl.ch/yourbaskets/display_public?p=&bskid=3145&of=xm
5767,http://infoscience-legacy.epfl.ch/curator/export/5767/?rg=1000,https://idevelopsrv25.epfl.ch:443/publication-exports/3816/?ln=fr,{'search_basket_id': '3400'},https://infoscience.epfl.ch/yourbaskets/display_public?p=&bskid=3400&of=xm
7666,http://infoscience-legacy.epfl.ch/curator/export/7666/?ln=en&rg=1000,https://idevelopsrv25.epfl.ch:443/publication-exports/3824/?ln=en,{'search_basket_id': '4033'},https://infoscience.epfl.ch/yourbaskets/display_public?p=&bskid=4033&of=xm
1730,http://infoscience-legacy.epfl.ch/curator/export/1730/?rg=1000,https://idevelopsrv25.epfl.ch:443/publication-exports/3400/?ln=fr,{'search_basket_id': '774'},https://infoscience.epfl.ch/yourbaskets/display_public?p=&bskid=774&of=xm
1756,http://infoscience-legacy.epfl.ch/curator/export/1756/?rg=1000,https://idevelopsrv25.epfl.ch:443/publication-exports/3749/?ln=fr,{'search_basket_id': '3151'},https://infoscience.epfl.ch/yourbaskets/display_public?p=&bskid=3151&of=xm
4619,http://infoscience-legacy.epfl.ch/curator/export/4619/?rg=1000,https://idevelopsrv25.epfl.ch:443/publication-exports/4001/?ln=en,{'search_basket_id': '89'},https://infoscience.epfl.ch/yourbaskets/display_public?p=&bskid=89&of=xm
4619,http://infoscience-legacy.epfl.ch/curator/export/4619/?rg=1000,https://idevelopsrv25.epfl.ch:443/publication-exports/4001/?ln=fr,{'search_basket_id': '89'},https://infoscience.epfl.ch/yourbaskets/display_public?p=&bskid=89&of=xm
4675,http://infoscience-legacy.epfl.ch/curator/export/4675/?rg=1000,https://idevelopsrv25.epfl.ch:443/publication-exports/4004/?ln=en,{'search_basket_id': '2945'},https://infoscience.epfl.ch/yourbaskets/display_public?p=&bskid=2945&of=xm
4675,http://infoscience-legacy.epfl.ch/curator/export/4675/?rg=1000,https://idevelopsrv25.epfl.ch:443/publication-exports/4004/?ln=fr,{'search_basket_id': '2945'},https://infoscience.epfl.ch/yourbaskets/display_public?p=&bskid=2945&of=xm
